Workbook

Sheet experiment_data
A1: user_id | B1: signup_date | C1: experiment_group | D1: region | E1: device_type | F1: traffic_source | G1: plan_type | H1: visited_landing_page | I1: started_trial | J1: completed_onboarding | K1: converted_to_paid | L1: revenue_30d | M1: support_tickets_30d | N1: refund_requested | O1: days_to_convert | P1: engagement_score | Q1: User_id_Duplicates | R1: Outlier/Normal
A2: USR-100001 | B2: 45732 | C2: Control | D2: North | E2: Desktop | F2: Email | G2: Basic | H2: 0 | I2: 0 | J2: 0 | K2: 0 | L2: 0 | M2: 0 | N2: 0 | P2: 45.7 | Q2: =COUNTIF($A2:$A1409,A2) -> 1 | R2: =IF(L2>$W8,"Outlier","Normal") -> Normal
A3: USR-100002 | B3: 45724 | C3: Control | D3: West | E3: Mobile | F3: Organic | G3: Free | H3: 1 | I3: 0 | J3: 0 | K3: 0 | L3: 0 | M3: 0 | N3: 0 | P3: 48.6 | Q3: =COUNTIF($A3:$A1410,A3) -> 1 | R3: =IF(L3>$T9,"Outlier","Normal") -> Normal | V3: Calculate quartiles
A4: USR-100003 | B4: 45771 | C4: Control | D4: East | E4: Mobile | F4: Paid Search | G4: Premium | H4: 1 | I4: 0 | J4: 0 | K4: 0 | L4: 0 | M4: 1 | N4: 0 | P4: 35.4 | Q4: =COUNTIF($A4:$A1411,A4) -> 1 | R4: =IF(L4>$T10,"Outlier","Normal") -> Normal | V4: Q1 | W4: =_xlfn.QUARTILE.INC(L2:L1401,1) -> 0
A5: USR-100004 | B5: 45781 | C5: Control | D5: South | E5: Mobile | F5: Email | G5: Basic | H5: 1 | I5: 0 | J5: 0 | K5: 0 | L5: 0 | M5: 0 | N5: 0 | P5: 64.6 | Q5: =COUNTIF($A5:$A1412,A5) -> 1 | R5: =IF(L5>$T11,"Outlier","Normal") -> Normal | V5: Q3 | W5: =_xlfn.QUARTILE.INC(L2:L1401,3) -> 0
A6: USR-100005 | B6: 45700 | C6: Control | D6: North | E6: Tablet | F6: Organic | G6: Free | H6: 0 | I6: 0 | J6: 0 | K6: 0 | L6: 0 | M6: 0 | N6: 0 | P6: 66.6 | Q6: =COUNTIF($A6:$A1413,A6) -> 1 | R6: =IF(L6>$T12,"Outlier","Normal") -> Normal | V6: IQR | W6: =W5-W4 -> 0
A7: USR-100006 | B7: 45685 | C7: Control | D7: East | E7: Mobile | F7: Organic | G7: Premium | H7: 1 | I7: 0 | J7: 0 | K7: 0 | L7: 0 | M7: 0 | N7: 0 | P7: 40.8 | Q7: =COUNTIF($A7:$A1414,A7) -> 1 | R7: =IF(L7>$T13,"Outlier","Normal") -> Normal | V7: Lower Bound | W7: =W4-(1.5*W6) -> 0
A8: USR-100007 | B8: 45755 | C8: Control | D8: East | E8: Mobile | F8: Paid Search | G8: Basic | H8: 1 | I8: 1 | J8: 0 | K8: 0 | L8: 0 | M8: 0 | N8: 0 | P8: 57.1 | Q8: =COUNTIF($A8:$A1415,A8) -> 1 | R8: =IF(L8>$T14,"Outlier","Normal") -> Normal | V8: Upper Bound | W8: =W5+(1.5*W7) -> 0
A9: USR-100008 | B9: 45794 | C9: Control | D9: South | E9: Mobile | F9: Paid Search | G9: Free | H9: 0 | I9: 0 | J9: 0 | K9: 0 | L9: 0 | M9: 0 | N9: 0 | P9: 36.4 | Q9: =COUNTIF($A9:$A1416,A9) -> 1 | R9: =IF(L9>$T15,"Outlier","Normal") -> Normal
A10: USR-100009 | B10: 45711 | C10: Control | D10: South | E10: Tablet | F10: Referral | G10: Basic | H10: 0 | I10: 0 | J10: 0 | K10: 0 | L10: 0 | M10: 0 | N10: 0 | P10: 55.4 | Q10: =COUNTIF($A10:$A1417,A10) -> 1 | R10: =IF(L10>$T16,"Outlier","Normal") -> Normal
A11: USR-100010 | B11: 45806 | C11: Control | D11: West | E11: Desktop | F11: Social | G11: Free | H11: 1 | I11: 0 | J11: 0 | K11: 0 | L11: 0 | M11: 0 | N11: 0 | P11: 57.3 | Q11: =COUNTIF($A11:$A1418,A11) -> 1 | R11: =IF(L11>$T17,"Outlier","Normal") -> Normal
A12: USR-100011 | B12: 45777 | C12: Control | D12: East | E12: Mobile | F12: Paid Search | G12: Basic | H12: 1 | I12: 1 | J12: 1 | K12: 0 | L12: 0 | M12: 0 | N12: 0 | P12: 63.6 | Q12: =COUNTIF($A12:$A1419,A12) -> 1 | R12: =IF(L12>$T18,"Outlier","Normal") -> Normal
A13: USR-100012 | B13: 45732 | C13: Control | D13: East | E13: Mobile | F13: Social | G13: Premium | H13: 1 | I13: 1 | J13: 1 | K13: 0 | L13: 0 | M13: 1 | N13: 0 | P13: 80.4 | Q13: =COUNTIF($A13:$A1420,A13) -> 1 | R13: =IF(L13>$T19,"Outlier","Normal") -> Normal
A14: USR-100013 | B14: 45695 | C14: Control | D14: South | E14: Desktop | F14: Email | G14: Basic | H14: 1 | I14: 0 | J14: 0 | K14: 0 | L14: 0 | M14: 0 | N14: 0 | P14: 62.4 | Q14: =COUNTIF($A14:$A1421,A14) -> 1 | R14: =IF(L14>$T20,"Outlier","Normal") -> Normal
A15: USR-100014 | B15: 45718 | C15: Control | D15: West | E15: Mobile | F15: Social | G15: Basic | H15: 1 | I15: 0 | J15: 0 | K15: 0 | L15: 0 | M15: 0 | N15: 0 | P15: 82.4 | Q15: =COUNTIF($A15:$A1422,A15) -> 1 | R15: =IF(L15>$T21,"Outlier","Normal") -> Normal
A16: USR-100015 | B16: 45807 | C16: Control | D16: South | E16: Mobile | F16: Organic | G16: Basic | H16: 0 | I16: 0 | J16: 0 | K16: 0 | L16: 0 | M16: 0 | N16: 0 | P16: 61.2 | Q16: =COUNTIF($A16:$A1423,A16) -> 1 | R16: =IF(L16>$T22,"Outlier","Normal") -> Normal
A17: USR-100016 | B17: 45741 | C17: Control | D17: South | E17: Mobile | F17: Social | G17: Basic | H17: 1 | I17: 0 | J17: 0 | K17: 0 | L17: 0 | M17: 0 | N17: 0 | P17: 68.9 | Q17: =COUNTIF($A17:$A1424,A17) -> 1 | R17: =IF(L17>$T23,"Outlier","Normal") -> Normal
A18: USR-100017 | B18: 45743 | C18: Control | D18: East | E18: Desktop | F18: Paid Search | G18: Free | H18: 1 | I18: 1 | J18: 1 | K18: 0 | L18: 0 | M18: 0 | N18: 0 | P18: 71.9 | Q18: =COUNTIF($A18:$A1425,A18) -> 1 | R18: =IF(L18>$T24,"Outlier","Normal") -> Normal
A19: USR-100018 | B19: 45805 | C19: Control | D19: South | E19: Desktop | F19: Paid Search | G19: Free | H19: 0 | I19: 0 | J19: 0 | K19: 0 | L19: 0 | M19: 0 | N19: 0 | P19: 50.5 | Q19: =COUNTIF($A19:$A1426,A19) -> 1 | R19: =IF(L19>$T25,"Outlier","Normal") -> Normal
A20: USR-100019 | B20: 45703 | C20: Control | D20: North | E20: Desktop | F20: Paid Search | G20: Basic | H20: 0 | I20: 0 | J20: 0 | K20: 0 | L20: 0 | M20: 0 | N20: 0 | P20: 49.3 | Q20: =COUNTIF($A20:$A1427,A20) -> 1 | R20: =IF(L20>$T26,"Outlier","Normal") -> Normal
... A60: USR-100059 | B60: 45761 | C60: Control | D60: North | E60: Mobile | F60: Social | G60: Free | H60: 0 | I60: 0 | J60: 0 | K60: 0 | L60: 0 | M60: 2 | N60: 0 | P60: 48.9 | Q60: =COUNTIF($A60:$A1467,A60) -> 1 | R60: =IF(L60>$T66,"Outlier","Normal") -> Normal
A61: USR-100060 | B61: 45658 | C61: Control | D61: West | E61: Mobile | F61: Social | G61: Free | H61: 1 | I61: 1 | J61: 1 | K61: 1 | L61: 240.42 | M61: 0 | N61: 0 | O61: 16 | P61: 56.5 | Q61: =COUNTIF($A61:$A1468,A61) -> 1 | R61: =IF(L61>$T67,"Outlier","Normal") -> Outlier
A62: USR-100061 | B62: 45749 | C62: Control | D62: South | E62: Mobile | F62: Referral | G62: Free | H62: 1 | I62: 0 | J62: 0 | K62: 0 | L62: 0 | M62: 0 | N62: 0 | P62: 53.7 | Q62: =COUNTIF($A62:$A1469,A62) -> 1 | R62: =IF(L62>$T68,"Outlier","Normal") -> Normal
A63: USR-100062 | B63: 45745 | C63: Control | D63: North | E63: Mobile | F63: Social | G63: Premium | H63: 0 | I63: 0 | J63: 0 | K63: 0 | L63: 0 | M63: 0 | N63: 0 | P63: 62.2 | Q63: =COUNTIF($A63:$A1470,A63) -> 1 | R63: =IF(L63>$T69,"Outlier","Normal") -> Normal
A64: USR-100063 | B64: 45792 | C64: Control | D64: South | E64: Desktop | F64: Organic | G64: Free | H64: 1 | I64: 0 | J64: 0 | K64: 0 | L64: 0 | M64: 0 | N64: 0 | P64: 50.2 | Q64: =COUNTIF($A64:$A1471,A64) -> 1 | R64: =IF(L64>$T70,"Outlier","Normal") -> Normal
A65: USR-100064 | B65: 45758 | C65: Control | D65: North | E65: Mobile | F65: Organic | G65: Basic | H65: 1 | I65: 0 | J65: 0 | K65: 0 | L65: 0 | M65: 0 | N65: 0 | P65: 74.3 | Q65: =COUNTIF($A65:$A1472,A65) -> 1 | R65: =IF(L65>$T71,"Outlier","Normal") -> Normal
A66: USR-100065 | B66: 45723 | C66: Control | D66: South | E66: Desktop | F66: Paid Search | G66: Free | H66: 1 | I66: 0 | J66: 0 | K66: 0 | L66: 0 | M66: 0 | N66: 0 | P66: 58 | Q66: =COUNTIF($A66:$A1473,A66) -> 1 | R66: =IF(L66>$T72,"Outlier","Normal") -> Normal
A67: USR-100066 | B67: 45807 | C67: Control | D67: South | E67: Mobile | F67: Organic | G67: Free | H67: 0 | I67: 0 | J67: 0 | K67: 0 | L67: 0 | M67: 0 | N67: 0 | P67: 46.7 | Q67: =COUNTIF($A67:$A1474,A67) -> 1 | R67: =IF(L67>$T73,"Outlier","Normal") -> Normal
A68: USR-100067 | B68: 45664 | C68: Control | D68: South | E68: Desktop | F68: Organic | G68: Premium | H68: 1 | I68: 0 | J68: 0 | K68: 0 | L68: 0 | M68: 1 | N68: 0 | P68: 49.6 | Q68: =COUNTIF($A68:$A1475,A68) -> 1 | R68: =IF(L68>$T74,"Outlier","Normal") -> Normal
A69: USR-100068 | B69: 45785 | C69: Control | D69: West | E69: Mobile | F69: Social | G69: Free | H69: 0 | I69: 0 | J69: 0 | K69: 0 | L69: 0 | M69: 0 | N69: 0 | P69: 60.4 | Q69: =COUNTIF($A69:$A1476,A69) -> 1 | R69: =IF(L69>$T75,"Outlier","Normal") -> Normal
A70: USR-100069 | B70: 45735 | C70: Control | D70: East | E70: Desktop | F70: Email | G70: Free | H70: 1 | I70: 1 | J70: 1 | K70: 0 | L70: 0 | M70: 0 | N70: 0 | P70: 55.3 | Q70: =COUNTIF($A70:$A1477,A70) -> 1 | R70: =IF(L70>$T76,"Outlier","Normal") -> Normal
A71: USR-100070 | B71: 45793 | C71: Control | D71: North | E71: Desktop | F71: Organic | G71: Free | H71: 0 | I71: 0 | J71: 0 | K71: 0 | L71: 0 | M71: 0 | N71: 0 | P71: 56.2 | Q71: =COUNTIF($A71:$A1478,A71) -> 1 | R71: =IF(L71>$T77,"Outlier","Normal") -> Normal
A72: USR-100071 | B72: 45724 | C72: Control | D72: West | E72: Mobile | F72: Email | G72: Free | H72: 0 | I72: 0 | J72: 0 | K72: 0 | L72: 0 | M72: 0 | N72: 0 | P72: 29.4 | Q72: =COUNTIF($A72:$A1479,A72) -> 1 | R72: =IF(L72>$T78,"Outlier","Normal") -> Normal
A73: USR-100072 | B73: 45724 | C73: Control | D73: East | E73: Mobile | F73: Email | G73: Free | H73: 1 | I73: 0 | J73: 0 | K73: 0 | L73: 0 | M73: 0 | N73: 0 | P73: 54.2 | Q73: =COUNTIF($A73:$A1480,A73) -> 1 | R73: =IF(L73>$T79,"Outlier","Normal") -> Normal
... A79: USR-100078 | B79: 45673 | C79: Control | D79: North | E79: Mobile | F79: Organic | G79: Free | H79: 0 | I79: 0 | J79: 0 | K79: 0 | L79: 0 | M79: 2 | N79: 0 | P79: 48.4 | Q79: =COUNTIF($A79:$A1486,A79) -> 1 | R79: =IF(L79>$T85,"Outlier","Normal") -> Normal
A80: USR-100079 | B80: 45708 | C80: Control | D80: West | E80: Desktop | F80: Organic | G80: Free | H80: 1 | I80: 1 | J80: 1 | K80: 1 | L80: 457.51 | M80: 0 | N80: 0 | O80: 7 | P80: 38 | Q80: =COUNTIF($A80:$A1487,A80) -> 1 | R80: =IF(L80>$T86,"Outlier","Normal") -> Outlier
A81: USR-100080 | B81: 45798 | C81: Control | D81: East | E81: Mobile | F81: Social | G81: Free | H81: 1 | I81: 0 | J81: 0 | K81: 0 | L81: 0 | M81: 0 | N81: 0 | P81: 44.2 | Q81: =COUNTIF($A81:$A1488,A81) -> 1 | R81: =IF(L81>$T87,"Outlier","Normal") -> Normal
A82: USR-100081 | B82: 45785 | C82: Control | D82: South | E82: Mobile | F82: Organic | G82: Free | H82: 1 | I82: 1 | J82: 1 | K82: 0 | L82: 0 | M82: 0 | N82: 0 | P82: 81.2 | Q82: =COUNTIF($A82:$A1489,A82) -> 1 | R82: =IF(L82>$T88,"Outlier","Normal") -> Normal
A83: USR-100082 | B83: 45724 | C83: Control | D83: South | E83: Mobile | F83: Referral | G83: Free | H83: 1 | I83: 1 | J83: 0 | K83: 0 | L83: 0 | M83: 0 | N83: 0 | P83: 63.8 | Q83: =COUNTIF($A83:$A1490,A83) -> 1 | R83: =IF(L83>$T89,"Outlier","Normal") -> Normal
A84: USR-100083 | B84: 45748 | C84: Control | D84: South | E84: Desktop | F84: Email | G84: Free | H84: 0 | I84: 0 | J84: 0 | K84: 0 | L84: 0 | M84: 0 | N84: 0 | P84: 64.7 | Q84: =COUNTIF($A84:$A1491,A84) -> 1 | R84: =IF(L84>$T90,"Outlier","Normal") -> Normal
A85: USR-100084 | B85: 45719 | C85: Control | D85: West | E85: Mobile | F85: Social | G85: Basic | H85: 0 | I85: 0 | J85: 0 | K85: 0 | L85: 0 | M85: 0 | N85: 0 | P85: 60.4 | Q85: =COUNTIF($A85:$A1492,A85) -> 1 | R85: =IF(L85>$T91,"Outlier","Normal") -> Normal
A86: USR-100085 | B86: 45763 | C86: Control | D86: South | E86: Mobile | F86: Paid Search | G86: Free | H86: 0 | I86: 0 | J86: 0 | K86: 0 | L86: 0 | M86: 0 | N86: 0 | P86: 66.6 | Q86: =COUNTIF($A86:$A1493,A86) -> 1 | R86: =IF(L86>$T92,"Outlier","Normal") -> Normal
A87: USR-100086 | B87: 45666 | C87: Control | D87: North | E87: Desktop | F87: Organic | G87: Free | H87: 1 | I87: 0 | J87: 0 | K87: 0 | L87: 0 | M87: 0 | N87: 0 | P87: 50.9 | Q87: =COUNTIF($A87:$A1494,A87) -> 1 | R87: =IF(L87>$T93,"Outlier","Normal") -> Normal
A88: USR-100087 | B88: 45679 | C88: Control | D88: West | E88: Desktop | F88: Social | G88: Basic | H88: 0 | I88: 0 | J88: 0 | K88: 0 | L88: 0 | M88: 0 | N88: 0 | P88: 51 | Q88: =COUNTIF($A88:$A1495,A88) -> 1 | R88: =IF(L88>$T94,"Outlier","Normal") -> Normal
A89: USR-100088 | B89: 45777 | C89: Control | D89: South | E89: Mobile | F89: Email | G89: Premium | H89: 0 | I89: 0 | J89: 0 | K89: 0 | L89: 0 | M89: 0 | N89: 0 | P89: 65.8 | Q89: =COUNTIF($A89:$A1496,A89) -> 1 | R89: =IF(L89>$T95,"Outlier","Normal") -> Normal
A90: USR-100089 | B90: 45772 | C90: Control | D90: North | E90: Mobile | F90: Referral | G90: Basic | H90: 1 | I90: 0 | J90: 0 | K90: 0 | L90: 0 | M90: 0 | N90: 0 | P90: 61.8 | Q90: =COUNTIF($A90:$A1497,A90) -> 1 | R90: =IF(L90>$T96,"Outlier","Normal") -> Normal
A91: USR-100090 | B91: 45689 | C91: Control | D91: North | E91: Mobile | F91: Organic | G91: Basic | H91: 1 | I91: 0 | J91: 0 | K91: 0 | L91: 0 | M91: 0 | N91: 0 | P91: 54.5 | Q91: =COUNTIF($A91:$A1498,A91) -> 1 | R91: =IF(L91>$T97,"Outlier","Normal") -> Normal
A92: USR-100091 | B92: 45770 | C92: Control | D92: South | E92: Desktop | F92: Organic | G92: Free | H92: 1 | I92: 0 | J92: 0 | K92: 0 | L92: 0 | M92: 0 | N92: 0 | P92: 72.2 | Q92: =COUNTIF($A92:$A1499,A92) -> 1 | R92: =IF(L92>$T98,"Outlier","Normal") -> Normal
... A99: USR-100098 | B99: 45699 | C99: Control | D99: North | E99: Desktop | F99: Organic | G99: Premium | H99: 1 | I99: 0 | J99: 0 | K99: 0 | L99: 0 | M99: 0 | N99: 0 | P99: 63.2 | Q99: =COUNTIF($A99:$A1506,A99) -> 1 | R99: =IF(L99>$T105,"Outlier","Normal") -> Normal
A100: USR-100099 | B100: 45699 | C100: Control | D100: East | E100: Desktop | F100: Social | G100: Free | H100: 1 | I100: 1 | J100: 1 | K100: 1 | L100: 363.32 | M100: 0 | N100: 0 | O100: 9 | P100: 55.9 | Q100: =COUNTIF($A100:$A1507,A100) -> 1 | R100: =IF(L100>$T106,"Outlier","Normal") -> Outlier
A101: USR-100100 | B101: 45803 | C101: Control | D101: North | E101: Mobile | F101: Organic | G101: Free | H101: 1 | I101: 0 | J101: 0 | K101: 0 | L101: 0 | M101: 0 | N101: 0 | P101: 63.5 | Q101: =COUNTIF($A101:$A1508,A101) -> 1 | R101: =IF(L101>$T107,"Outlier","Normal") -> Normal
A102: USR-100101 | B102: 45738 | C102: Control | D102: North | E102: Mobile | F102: Paid Search | G102: Basic | H102: 1 | I102: 0 | J102: 0 | K102: 0 | L102: 0 | M102: 0 | N102: 0 | P102: 51.5 | Q102: =COUNTIF($A102:$A1509,A102) -> 1 | R102: =IF(L102>$T108,"Outlier","Normal") -> Normal
A103: USR-100102 | B103: 45755 | C103: Control | D103: West | E103: Mobile | F103: Paid Search | G103: Free | H103: 1 | I103: 0 | J103: 0 | K103: 0 | L103: 0 | M103: 0 | N103: 0 | P103: 74.4 | Q103: =COUNTIF($A103:$A1510,A103) -> 1 | R103: =IF(L103>$T109,"Outlier","Normal") -> Normal
A104: USR-100103 | B104: 45761 | C104: Control | D104: North | E104: Desktop | F104: Social | G104: Free | H104: 1 | I104: 1 | J104: 1 | K104: 1 | L104: 3887.98 | M104: 0 | N104: 0 | O104: 13 | P104: 60.2 | Q104: =COUNTIF($A104:$A1511,A104) -> 1 | R104: =IF(L104>$T110,"Outlier","Normal") -> Outlier
A105: USR-100104 | B105: 45743 | C105: Control | D105: South | E105: Mobile | F105: Email | G105: Free | H105: 1 | I105: 0 | J105: 0 | K105: 0 | L105: 0 | M105: 1 | N105: 0 | P105: 67.2 | Q105: =COUNTIF($A105:$A1512,A105) -> 1 | R105: =IF(L105>$T111,"Outlier","Normal") -> Normal
A106: USR-100105 | B106: 45662 | C106: Control | D106: South | E106: Mobile | F106: Social | G106: Free | H106: 1 | I106: 1 | J106: 1 | K106: 0 | L106: 0 | M106: 0 | N106: 0 | P106: 79.6 | Q106: =COUNTIF($A106:$A1513,A106) -> 1 | R106: =IF(L106>$T112,"Outlier","Normal") -> Normal
A107: USR-100106 | B107: 45682 | C107: Control | D107: South | E107: Mobile | F107: Social | G107: Basic | H107: 1 | I107: 1 | J107: 1 | K107: 1 | L107: 8610.72 | M107: 0 | N107: 0 | O107: 6 | P107: 61 | Q107: =COUNTIF($A107:$A1514,A107) -> 1 | R107: =IF(L107>$T113,"Outlier","Normal") -> Outlier
A108: USR-100107 | B108: 45680 | C108: Control | D108: West | E108: Mobile | F108: Email | G108: Free | H108: 1 | I108: 1 | J108: 1 | K108: 0 | L108: 0 | M108: 4 | N108: 0 | P108: 51.1 | Q108: =COUNTIF($A108:$A1515,A108) -> 1 | R108: =IF(L108>$T114,"Outlier","Normal") -> Normal
A109: USR-100108 | B109: 45802 | C109: Control | D109: East | E109: Desktop | F109: Referral | G109: Free | H109: 1 | I109: 0 | J109: 0 | K109: 0 | L109: 0 | M109: 0 | N109: 0 | P109: 92.1 | Q109: =COUNTIF($A109:$A1516,A109) -> 1 | R109: =IF(L109>$T115,"Outlier","Normal") -> Normal
A110: USR-100109 | B110: 45738 | C110: Control | D110: South | E110: Mobile | F110: Referral | G110: Basic | H110: 0 | I110: 0 | J110: 0 | K110: 0 | L110: 0 | M110: 0 | N110: 0 | P110: 82.1 | Q110: =COUNTIF($A110:$A1517,A110) -> 1 | R110: =IF(L110>$T116,"Outlier","Normal") -> Normal
A111: USR-100110 | B111: 45700 | C111: Control | D111: West | E111: Desktop | F111: Paid Search | G111: Basic | H111: 1 | I111: 0 | J111: 0 | K111: 0 | L111: 0 | M111: 1 | N111: 0 | P111: 74 | Q111: =COUNTIF($A111:$A1518,A111) -> 1 | R111: =IF(L111>$T117,"Outlier","Normal") -> Normal
A112: USR-100111 | B112: 45775 | C112: Control | D112: West | E112: Desktop | F112: Organic | G112: Basic | H112: 1 | I112: 0 | J112: 0 | K112: 0 | L112: 0 | M112: 0 | N112: 0 | P112: 63.4 | Q112: =COUNTIF($A112:$A1519,A112) -> 1 | R112: =IF(L112>$T118,"Outlier","Normal") -> Normal
A113: USR-100112 | B113: 45687 | C113: Control | D113: North | E113: Mobile | F113: Organic | G113: Basic | H113: 1 | I113: 0 | J113: 0 | K113: 0 | L113: 0 | M113: 0 | N113: 0 | P113: 53.2 | Q113: =COUNTIF($A113:$A1520,A113) -> 1 | R113: =IF(L113>$T119,"Outlier","Normal") -> Normal
A114: USR-100113 | B114: 45796 | C114: Control | D114: East | E114: Tablet | F114: Paid Search | G114: Free | H114: 0 | I114: 0 | J114: 0 | K114: 0 | L114: 0 | M114: 0 | N114: 0 | P114: 48.1 | Q114: =COUNTIF($A114:$A1521,A114) -> 1 | R114: =IF(L114>$T120,"Outlier","Normal") -> Normal
A115: USR-100114 | B115: 45680 | C115: Control | D115: South | E115: Mobile | F115: Social | G115: Free | H115: 1 | I115: 1 | J115: 0 | K115: 0 | L115: 0 | M115: 0 | N115: 0 | P115: 61.5 | Q115: =COUNTIF($A115:$A1522,A115) -> 1 | R115: =IF(L115>$T121,"Outlier","Normal") -> Normal
A116: USR-100115 | B116: 45744 | C116: Control | D116: East | E116: Desktop | F116: Social | G116: Free | H116: 1 | I116: 0 | J116: 0 | K116: 0 | L116: 0 | M116: 0 | N116: 0 | P116: 63.2 | Q116: =COUNTIF($A116:$A1523,A116) -> 1 | R116: =IF(L116>$T122,"Outlier","Normal") -> Normal
A117: USR-100116 | B117: 45668 | C117: Control | D117: West | E117: Mobile | F117: Organic | G117: Free | H117: 0 | I117: 0 | J117: 0 | K117: 0 | L117: 0 | M117: 0 | N117: 0 | P117: 71.9 | Q117: =COUNTIF($A117:$A1524,A117) -> 1 | R117: =IF(L117>$T123,"Outlier","Normal") -> Normal
A118: USR-100117 | B118: 45758 | C118: Control | D118: North | E118: Mobile | F118: Referral | G118: Free | H118: 0 | I118: 0 | J118: 0 | K118: 0 | L118: 0 | M118: 0 | N118: 0 | P118: 62.7 | Q118: =COUNTIF($A118:$A1525,A118) -> 1 | R118: =IF(L118>$T124,"Outlier","Normal") -> Normal
A119: USR-100118 | B119: 45659 | C119: Control | D119: West | E119: Mobile | F119: Paid Search | G119: Free | H119: 1 | I119: 0 | J119: 0 | K119: 0 | L119: 0 | M119: 0 | N119: 0 | P119: 51.5 | Q119: =COUNTIF($A119:$A1526,A119) -> 1 | R119: =IF(L119>$T125,"Outlier","Normal") -> Normal
... A142: USR-100141 | B142: 45676 | C142: Control | D142: South | E142: Mobile | F142: Organic | G142: Free | H142: 0 | I142: 0 | J142: 0 | K142: 0 | L142: 0 | M142: 0 | N142: 0 | P142: 49.6 | Q142: =COUNTIF($A142:$A1549,A142) -> 1 | R142: =IF(L142>$T148,"Outlier","Normal") -> Normal
A143: USR-100142 | B143: 45750 | C143: Control | D143: West | E143: Desktop | F143: Social | G143: Free | H143: 1 | I143: 1 | J143: 1 | K143: 1 | L143: 404.4 | M143: 0 | N143: 0 | O143: 9 | P143: 80.6 | Q143: =COUNTIF($A143:$A1550,A143) -> 1 | R143: =IF(L143>$T149,"Outlier","Normal") -> Outlier
A144: USR-100143 | B144: 45754 | C144: Control | D144: North | E144: Mobile | F144: Paid Search | G144: Free | H144: 1 | I144: 0 | J144: 0 | K144: 0 | L144: 0 | M144: 0 | N144: 0 | P144: 47.9 | Q144: =COUNTIF($A144:$A1551,A144) -> 1 | R144: =IF(L144>$T150,"Outlier","Normal") -> Normal
A145: USR-100144 | B145: 45663 | C145: Control | D145: East | E145: Mobile | F145: Paid Search | G145: Basic | H145: 1 | I145: 1 | J145: 0 | K145: 0 | L145: 0 | M145: 0 | N145: 0 | P145: 54.8 | Q145: =COUNTIF($A145:$A1552,A145) -> 1 | R145: =IF(L145>$T151,"Outlier","Normal") -> Normal
A146: USR-100145 | B146: 45758 | C146: Control | D146: East | E146: Mobile | F146: Organic | G146: Free | H146: 1 | I146: 0 | J146: 0 | K146: 0 | L146: 0 | M146: 1 | N146: 0 | P146: 53.9 | Q146: =COUNTIF($A146:$A1553,A146) -> 1 | R146: =IF(L146>$T152,"Outlier","Normal") -> Normal
A147: USR-100146 | B147: 45770 | C147: Control | D147: East | E147: Mobile | F147: Paid Search | G147: Free | H147: 1 | I147: 0 | J147: 0 | K147: 0 | L147: 0 | M147: 0 | N147: 0 | P147: 41.3 | Q147: =COUNTIF($A147:$A1554,A147) -> 1 | R147: =IF(L147>$T153,"Outlier","Normal") -> Normal
A148: USR-100147 | B148: 45741 | C148: Control | D148: West | E148: Mobile | F148: Organic | G148: Basic | H148: 1 | I148: 1 | J148: 0 | K148: 0 | L148: 0 | M148: 0 | N148: 0 | P148: 38.9 | Q148: =COUNTIF($A148:$A1555,A148) -> 1 | R148: =IF(L148>$T154,"Outlier","Normal") -> Normal
A149: USR-100148 | B149: 45802 | C149: Control | D149: South | E149: Desktop | F149: Organic | G149: Basic | H149: 1 | I149: 0 | J149: 0 | K149: 0 | L149: 0 | M149: 0 | N149: 0 | P149: 63.6 | Q149: =COUNTIF($A149:$A1556,A149) -> 1 | R149: =IF(L149>$T155,"Outlier","Normal") -> Normal
A150: USR-100149 | B150: 45685 | C150: Control | D150: North | E150: Mobile | F150: Organic | G150: Free | H150: 1 | I150: 1 | J150: 1 | K150: 1 | L150: 577.94 | M150: 0 | N150: 0 | O150: 9 | P150: 76.6 | Q150: =COUNTIF($A150:$A1557,A150) -> 1 | R150: =IF(L150>$T156,"Outlier","Normal") -> Outlier
A151: USR-100150 | B151: 45700 | C151: Control | D151: West | E151: Mobile | F151: Paid Search | G151: Premium | H151: 0 | I151: 0 | J151: 0 | K151: 0 | L151: 0 | M151: 1 | N151: 0 | P151: 67.6 | Q151: =COUNTIF($A151:$A1558,A151) -> 1 | R151: =IF(L151>$T157,"Outlier","Normal") -> Normal
A152: USR-100151 | B152: 45776 | C152: Control | D152: North | E152: Mobile | F152: Social | G152: Premium | H152: 1 | I152: 0 | J152: 0 | K152: 0 | L152: 0 | M152: 0 | N152: 0 | P152: 43.1 | Q152: =COUNTIF($A152:$A1559,A152) -> 1 | R152: =IF(L152>$T158,"Outlier","Normal") -> Normal
A153: USR-100152 | B153: 45729 | C153: Control | D153: South | E153: Mobile | F153: Email | G153: Free | H153: 1 | I153: 0 | J153: 0 | K153: 0 | L153: 0 | M153: 0 | N153: 0 | P153: 58.3 | Q153: =COUNTIF($A153:$A1560,A153) -> 1 | R153: =IF(L153>$T159,"Outlier","Normal") -> Normal
A154: USR-100153 | B154: 45692 | C154: Control | D154: East | E154: Desktop | F154: Paid Search | G154: Free | H154: 1 | I154: 0 | J154: 0 | K154: 0 | L154: 0 | M154: 0 | N154: 0 | P154: 69.8 | Q154: =COUNTIF($A154:$A1561,A154) -> 1 | R154: =IF(L154>$T160,"Outlier","Normal") -> Normal
A155: USR-100154 | B155: 45720 | C155: Control | D155: South | E155: Mobile | F155: Referral | G155: Free | H155: 1 | I155: 1 | J155: 0 | K155: 0 | L155: 0 | M155: 0 | N155: 0 | Q155: =COUNTIF($A155:$A1562,A155) -> 1 | R155: =IF(L155>$T161,"Outlier","Normal") -> Normal
A156: USR-100155 | B156: 45692 | C156: Control | D156: West | E156: Mobile | F156: Paid Search | G156: Basic | H156: 1 | I156: 1 | J156: 0 | K156: 0 | L156: 0 | M156: 0 | N156: 0 | P156: 41.9 | Q156: =COUNTIF($A156:$A1563,A156) -> 1 | R156: =IF(L156>$T162,"Outlier","Normal") -> Normal
A157: USR-100156 | B157: 45727 | C157: Control | D157: North | E157: Desktop | F157: Organic | G157: Free | H157: 0 | I157: 0 | J157: 0 | K157: 0 | L157: 0 | M157: 0 | N157: 0 | P157: 33.1 | Q157: =COUNTIF($A157:$A1564,A157) -> 1 | R157: =IF(L157>$T163,"Outlier","Normal") -> Normal
A158: USR-100157 | B158: 45769 | C158: Control | D158: West | E158: Mobile | F158: Organic | G158: Free | H158: 0 | I158: 0 | J158: 0 | K158: 0 | L158: 0 | M158: 0 | N158: 0 | P158: 58.6 | Q158: =COUNTIF($A158:$A1565,A158) -> 1 | R158: =IF(L158>$T164,"Outlier","Normal") -> Normal
A159: USR-100158 | B159: 45724 | C159: Control | D159: North | E159: Desktop | F159: Paid Search | G159: Free | H159: 0 | I159: 0 | J159: 0 | K159: 0 | L159: 0 | M159: 0 | N159: 0 | P159: 55.7 | Q159: =COUNTIF($A159:$A1566,A159) -> 1 | R159: =IF(L159>$T165,"Outlier","Normal") -> Normal
A160: USR-100159 | B160: 45726 | C160: Control | D160: East | E160: Mobile | F160: Organic | G160: Free | H160: 0 | I160: 0 | J160: 0 | K160: 0 | L160: 0 | M160: 2 | N160: 0 | P160: 64.9 | Q160: =COUNTIF($A160:$A1567,A160) -> 1 | R160: =IF(L160>$T166,"Outlier","Normal") -> Normal
A161: USR-100160 | B161: 45795 | C161: Control | D161: North | E161: Desktop | F161: Paid Search | G161: Basic | H161: 0 | I161: 0 | J161: 0 | K161: 0 | L161: 0 | M161: 0 | N161: 0 | P161: 72.3 | Q161: =COUNTIF($A161:$A1568,A161) -> 1 | R161: =IF(L161>$T167,"Outlier","Normal") -> Normal
A162: USR-100161 | B162: 45791 | C162: Control | D162: North | E162: Mobile | F162: Social | G162: Basic | H162: 0 | I162: 0 | J162: 0 | K162: 0 | L162: 0 | M162: 0 | N162: 0 | P162: 42.1 | Q162: =COUNTIF($A162:$A1569,A162) -> 1 | R162: =IF(L162>$T168,"Outlier","Normal") -> Normal
A163: USR-100162 | B163: 45689 | C163: Control | D163: North | E163: Mobile | F163: Organic | G163: Free | H163: 0 | I163: 0 | J163: 0 | K163: 0 | L163: 0 | M163: 0 | N163: 0 | Q163: =COUNTIF($A163:$A1570,A163) -> 1 | R163: =IF(L163>$T169,"Outlier","Normal") -> Normal
A164: USR-100163 | B164: 45758 | C164: Control | D164: South | E164: Mobile | F164: Organic | G164: Basic | H164: 0 | I164: 0 | J164: 0 | K164: 0 | L164: 0 | M164: 1 | N164: 0 | P164: 64.8 | Q164: =COUNTIF($A164:$A1571,A164) -> 1 | R164: =IF(L164>$T170,"Outlier","Normal") -> Normal
A165: USR-100164 | B165: 45702 | C165: Control | D165: East | E165: Mobile | F165: Organic | G165: Free | H165: 0 | I165: 0 | J165: 0 | K165: 0 | L165: 0 | M165: 0 | N165: 0 | P165: 72.1 | Q165: =COUNTIF($A165:$A1572,A165) -> 1 | R165: =IF(L165>$T171,"Outlier","Normal") -> Normal
A166: USR-100165 | B166: 45796 | C166: Control | D166: East | E166: Mobile | F166: Social | G166: Free | H166: 1 | I166: 0 | J166: 0 | K166: 0 | L166: 0 | M166: 0 | N166: 0 | P166: 50.6 | Q166: =COUNTIF($A166:$A1573,A166) -> 1 | R166: =IF(L166>$T172,"Outlier","Normal") -> Normal
A167: USR-100166 | B167: 45773 | C167: Control | D167: North | E167: Desktop | F167: Paid Search | G167: Basic | H167: 1 | I167: 1 | J167: 1 | K167: 1 | L167: 1281.25 | M167: 1 | N167: 0 | O167: 9 | P167: 43.4 | Q167: =COUNTIF($A167:$A1574,A167) -> 1 | R167: =IF(L167>$T173,"Outlier","Normal") -> Outlier
A168: USR-100167 | B168: 45753 | C168: Control | D168: South | E168: Mobile | F168: Social | G168: Free | H168: 1 | I168: 0 | J168: 0 | K168: 0 | L168: 0 | M168: 0 | N168: 0 | P168: 59.7 | Q168: =COUNTIF($A168:$A1575,A168) -> 1 | R168: =IF(L168>$T174,"Outlier","Normal") -> Normal
A169: USR-100168 | B169: 45722 | C169: Control | D169: South | E169: Mobile | F169: Paid Search | G169: Free | H169: 1 | I169: 0 | J169: 0 | K169: 0 | L169: 0 | M169: 1 | N169: 0 | Q169: =COUNTIF($A169:$A1576,A169) -> 1 | R169: =IF(L169>$T175,"Outlier","Normal") -> Normal
A170: USR-100169 | B170: 45726 | C170: Control | D170: West | E170: Mobile | F170: Social | G170: Basic | H170: 0 | I170: 0 | J170: 0 | K170: 0 | L170: 0 | M170: 0 | N170: 0 | P170: 54.5 | Q170: =COUNTIF($A170:$A1577,A170) -> 1 | R170: =IF(L170>$T176,"Outlier","Normal") -> Normal
A171: USR-100170 | B171: 45746 | C171: Control | D171: North | E171: Mobile | F171: Organic | G171: Free | H171: 1 | I171: 0 | J171: 0 | K171: 0 | L171: 0 | M171: 0 | N171: 0 | P171: 71.1 | Q171: =COUNTIF($A171:$A1578,A171) -> 1 | R171: =IF(L171>$T177,"Outlier","Normal") -> Normal
A172: USR-100171 | B172: 45806 | C172: Control | D172: East | E172: Unknown | F172: Paid Search | G172: Free | H172: 1 | I172: 1 | J172: 1 | K172: 0 | L172: 0 | M172: 0 | N172: 0 | P172: 44.4 | Q172: =COUNTIF($A172:$A1579,A172) -> 1 | R172: =IF(L172>$T178,"Outlier","Normal") -> Normal
...

Sheet Data_Cleaning_Summary
E1: Segment distribution across groups | K1: Traffice Type Distribution
A2: Missing Values Summary | E2: Region Distribution | K2: Count of user_id | L2: Column Labels
A3: Column | B3: Count | C3: Action Taken | E3: Count of user_id | F3: Column Labels | K3: Row Labels | L3: Control | M3: Treatment | N3: Grand Total
A4: device_type | B4: =COUNTBLANK(experiment_data!E2:E1409) -> 8 | C4: Documented | E4: Row Labels | F4: Control | G4: Treatment | H4: Grand Total | K4: Email | L4: 73 | M4: 56 | N4: 129
A5: traffic_source | B5: =COUNTBLANK(experiment_data!F2:F1409) -> 8 | C5: Documented | E5: East | F5: 157 | G5: 170 | H5: 327 | K5: Organic | L5: 246 | M5: 237 | N5: 483
A6: engagement_score | B6: =COUNTBLANK(experiment_data!P2:P1409) -> 22 | C6: Documented | E6: North | F6: 201 | G6: 180 | H6: 381 | K6: Paid Search | L6: 155 | M6: 176 | N6: 331
E7: South | F7: 184 | G7: 183 | H7: 367 | K7: Referral | L7: 81 | M7: 91 | N7: 172
E8: West | F8: 148 | G8: 177 | H8: 325 | K8: Social | L8: 129 | M8: 132 | N8: 261
A9: Check Group Counts | E9: Grand Total | F9: 690 | G9: 710 | H9: 1400 | K9: Unknown | L9: 6 | M9: 18 | N9: 24
A10: Control group | B10: =COUNTIF(experiment_data!C2:C1409, "Control") -> 690 | C10: No Action | K10: Grand Total | L10: 690 | M10: 710 | N10: 1400
A11: Treatment group | B11: =COUNTIF(experiment_data!C2:C1409,"Treatment") -> 710 | C11: No Action
E12: Device Type Distribution
E13: Count of user_id | F13: Column Labels
A14: Check Duplicate User IDs | E14: Row Labels | F14: Control | G14: Treatment | H14: Grand Total
A15: Duplicate User ID's removed | B15: 8 | C15: Removed | E15: Desktop | F15: 200 | G15: 213 | H15: 413
E16: Mobile | F16: 426 | G16: 432 | H16: 858
A17: Validate Binary Columns | E17: Tablet | F17: 55 | G17: 56 | H17: 111
A18: Column | B18: Invalid Count | E18: Unknown | F18: 9 | G18: 9 | H18: 18
A19: visited_landing_page | B19: =COUNTIFS(experiment_data!H2:H1401,"<>0",experiment_data!H2:H1401,"<>1") -> 0 | C19: No Action | E19: Grand Total | F19: 690 | G19: 710 | H19: 1400
A20: started_trial | B20: =COUNTIFS(experiment_data!I2:I1401,"<>0",experiment_data!I2:I1401,"<>1") -> 0 | C20: No Action
A21: completed_onboarding | B21: =COUNTIFS(experiment_data!J2:J1401,"<>0",experiment_data!J2:J1401,"<>1") -> 0 | C21: No Action
A22: converted_to_paid | B22: =COUNTIFS(experiment_data!K2:K1401,"<>0",experiment_data!K2:K1401,"<>1") -> 0 | C22: No Action
A23: refund_requested | B23: =COUNTIFS(experiment_data!N2:N1401,"<>0",experiment_data!N2:N1401,"<>1") -> 0 | C23: No Action
A26: Outliers in revenue
A27: No. of Outliers | B27: =COUNTIF(experiment_data!R2:R1401,"Outlier") -> 72 | C27: Retained

Sheet Hypothesis_Test
A1: Hypothesis Testing Table
A2: Metric | B2: Control | C2: Treatment
A3: Total Users | B3: =COUNTIF(experiment_data!C:C,"Control") -> 690 | C3: =COUNTIF(experiment_data!C:C,"Treatment") -> 710
A4: Converted Users | B4: =COUNTIFS(experiment_data!C:C,"Control",experiment_data!K:K,1) -> 22 | C4: =COUNTIFS(experiment_data!C:C,"Treatment",experiment_data!K:K,1) -> 50
A5: Conversion Rate | B5: =B4/B3 -> 0.031884058 | C5: =C4/C3 -> 0.070422535
A8: Pooled Conversion Rate: | B8: =(B4+C4)/(B3+C3) -> 0.051428571
A10: Calculate Standard Error | D10: Calculate Z Statistic
A11: Formula | B11: Value | D11: Formula | E11: Value
A12: '=SQRT( PooledRate*(1-PooledRate)* ((1/ControlUsers)+(1/TreatmentUsers)) )' | B12: =SQRT(B8*(1-B8)* ((1/B3)+(1/C3)) ) -> 0.011807217 | D12: =(TreatmentRate-ControlRate)/StandardError' | E12: =(C5-B5)/B12 -> 3.2639763
A15: Calculate P-value: One-Tailed Test | D15: Apply Decision Rule
A16: Formula | B16: Value | D16: ∝ | E16: 0.05
A17: =1-NORM.S.DIST(Z_Statistic,TRUE)' | B17: =1-_xlfn.NORM.S.DIST(E12,TRUE) -> 0.00054930169 | D17: Formula | E17: =IF(P_Value<0.05,"Reject H0","Fail to Reject H0")'
D18: Decision | E18: =IF(B17<0.05,"Reject H0","Fail to Reject H0") -> Reject H0

Sheet GuardRail Metric
B2: Control | C2: Treatment
A3: Refund Rate | B3: =COUNTIFS(experiment_data!C:C,"Control",experiment_data!N:N,1)/COUNTIF(experiment_data!C:C,"Control") -> 0 | C3: =COUNTIFS(experiment_data!C:C,"Treatment",experiment_data!N:N,1)/COUNTIF(experiment_data!C:C,"Treatment") -> 0.0042253521
A4: Support Ticket Rate | B4: =COUNTIFS(experiment_data!C:C,"Control",experiment_data!M:M,1)/COUNTIF(experiment_data!C:C,"Control") -> 0.092753623 | C4: =COUNTIFS(experiment_data!C:C,"Treatment",experiment_data!M:M,1)/COUNTIF(experiment_data!C:C,"Treatment") -> 0.16056338
A5: Average Days to Convert | B5: =AVERAGEIFS(experiment_data!O:O,experiment_data!C:C,"Control",experiment_data!K:K,1) -> 8.8636364 | C5: =AVERAGEIFS(experiment_data!O:O,experiment_data!C:C,"Treatment",experiment_data!K:K,1) -> 6.4
A6: Average Engagement Score | B6: =AVERAGEIFS(experiment_data!P:P,experiment_data!C:C,"Control") -> 57.029532 | C6: =AVERAGEIFS(experiment_data!P:P,experiment_data!C:C,"Treatment") -> 62.940028
A7: ARPU | B7: =SUMIFS(experiment_data!L:L,experiment_data!C:C,"Control")/COUNTIF(experiment_data!C:C,"Control") -> 51.974319 | C7: =SUMIFS(experiment_data!L:L,experiment_data!C:C,"Treatment")/COUNTIF(experiment_data!C:C,"Treatment") -> 54.254521

Sheet business_context
A1: Item | B1: Description
A2: Business context | B2: A subscription product tested a new onboarding and activation campaign against the existing experience.
A3: Control | B3: Existing onboarding experience.
A4: Treatment | B4: New campaign experience.
A5: Primary decision | B5: Decide whether to launch, reject, continue testing, or launch only for selected segments.
A6: visited_landing_page | B6: 1 if the user visited the landing page after signup; otherwise 0.
A7: started_trial | B7: 1 if the user started a trial; otherwise 0.
A8: completed_onboarding | B8: 1 if the user completed onboarding; otherwise 0.
A9: converted_to_paid | B9: 1 if the user became a paid customer; otherwise 0.
A10: revenue_30d | B10: Revenue generated within 30 days of signup.
A11: support_tickets_30d | B11: Number of support tickets raised within 30 days.
A12: refund_requested | B12: 1 if the user requested a refund; otherwise 0.
... A14: Guardrail caution | B14: A better conversion rate may still be risky if refunds, support tickets, or low-quality revenue increase.
